{
    "metadata":{
        "version":3,
        "vertices":4,
        "type":"Geometry",
        "uvs":1,
        "generator":"io_three",
        "faces":1
    },
    "vertices":[-8.85312,2.40385,9.57563,9.168,2.40385,9.57563,-8.85312,2.40385,-9.09012,9.168,2.40385,-9.09012],
    "name":"PlaneGeometry.3",
    "uvs":[[0,0,1,0,1,1,0,1]],
    "faces":[9,0,1,3,2,0,1,2,3]
}